Data Source,World Development Indicators,,,,,,,,,,,,,,,,,,,,,,,,,,,,,,,,,,,,,,,,,,,,,
,,,,,,,,,,,,,,,,,,,,,,,,,,,,,,,,,,,,,,,,,,,,,,
Last Updated Date,11/14/18,,,,,,,,,,,,,,,,,,,,,,,,,,,,,,,,,,,,,,,,,,,,,
,,,,,,,,,,,,,,,,,,,,,,,,,,,,,,,,,,,,,,,,,,,,,,
Country Name,Country Code,Indicator Name,Indicator Code,1975,1976,1977,1978,1979,1980,1981,1982,1983,1984,1985,1986,1987,1988,1989,1990,1991,1992,1993,1994,1995,1996,1997,1998,1999,2000,2001,2002,2003,2004,2005,2006,2007,2008,2009,2010,2011,2012,2013,2014,2015,2016,2017
United States,USA,"Stocks traded, total value (current US$)",CM.MKT.TRAD.CD,,,,,,,,,,1.11E+12,1.47E+12,2.18E+12,2.88E+12,1.97E+12,2.34E+12,2.03E+12,2.14E+12,2.53E+12,3.43E+12,3.65E+12,5.18E+12,6.97E+12,9.27E+12,1.23E+13,1.88E+13,2.98E+13,2.09E+13,1.71E+13,1.60E+13,1.91E+13,2.58E+13,3.06E+13,4.29E+13,4.72E+13,3.43E+13,3.60E+13,4.10E+13,3.23E+13,3.32E+13,3.90E+13,4.14E+13,4.21E+13,3.98E+13
China,CHN,"Stocks traded, total value (current US$)",CM.MKT.TRAD.CD,,,,,,,,,,,,,,,,,,,,,77528800000,3.08E+11,3.71E+11,2.84E+11,,7.53E+11,4.63E+11,3.38E+11,3.88E+11,5.11E+11,3.92E+11,1.16E+12,6.31E+12,3.91E+12,7.83E+12,8.26E+12,6.67E+12,5.03E+12,7.70E+12,1.20E+13,3.93E+13,1.82E+13,1.72E+13
Japan,JPN,"Stocks traded, total value (current US$)",CM.MKT.TRAD.CD,60212610000,92171480000,1.03E+11,1.94E+11,1.66E+11,1.80E+11,2.56E+11,1.75E+11,2.72E+11,3.20E+11,4.55E+11,1.16E+12,2.01E+12,2.54E+12,2.61E+12,1.54E+12,1.03E+12,6.06E+11,9.10E+11,1.07E+12,1.14E+12,1.19E+12,1.04E+12,1.05E+12,2.03E+12,2.48E+12,1.70E+12,1.73E+12,2.33E+12,3.46E+12,4.34E+12,5.50E+12,6.59E+12,6.21E+12,3.87E+12,4.27E+12,4.31E+12,3.35E+12,6.08E+12,4.84E+12,5.57E+12,5.23E+12,5.78E+12
"Korea, Rep.",KOR,"Stocks traded, total value (current US$)",CM.MKT.TRAD.CD,,,,,2700000000,1866300000,3617700000,2635550000,2203140000,3768630000,4067180000,11142330000,25866350000,84959278000,1.19E+11,74616040000,82543250000,1.15E+11,2.11E+11,2.87E+11,1.84E+11,1.78E+11,1.71E+11,1.60E+11,7.65E+11,4.95E+11,3.74E+11,5.81E+11,4.57E+11,5.26E+11,1.20E+12,1.34E+12,1.92E+12,1.19E+12,1.69E+12,1.63E+12,1.93E+12,1.58E+12,1.33E+12,1.28E+12,1.84E+12,1.60E+12,2.01E+12
"Hong Kong SAR, China",HKG,"Stocks traded, total value (current US$)",CM.MKT.TRAD.CD,484000000,646000000,327870000,408440000,1073940000,777050000,,,,,,15316600000,45408110000,23422710000,34582330000,34583770000,38525460000,78452650000,1.32E+11,1.26E+11,95588900000,1.66E+11,4.53E+11,2.06E+11,2.28E+11,3.73E+11,2.38E+11,1.79E+11,2.73E+11,4.04E+11,4.21E+11,7.56E+11,2.02E+12,1.57E+12,1.41E+12,1.49E+12,1.44E+12,1.08E+12,1.27E+12,1.45E+12,2.07E+12,1.35E+12,1.95E+12
Germany,DEU,"Stocks traded, total value (current US$)",CM.MKT.TRAD.CD,10495060000,10564960000,13172000000,18804000000,14821250000,14148550000,13701440000,14795290000,30886260000,26907560000,85608420000,1.52E+11,4.24E+11,3.45E+11,3.48E+11,5.42E+11,4.38E+11,4.30E+11,5.30E+11,6.04E+11,5.80E+11,1.50E+11,9.88E+11,1.47E+12,1.31E+12,1.83E+12,1.30E+12,8.72E+11,1.02E+12,1.18E+12,1.29E+12,1.95E+12,3.25E+12,4.19E+12,1.79E+12,1.49E+12,1.57E+12,1.25E+12,1.31E+12,1.27E+12,1.44E+12,1.12E+12,1.56E+12
Canada,CAN,"Stocks traded, total value (current US$)",CM.MKT.TRAD.CD,5208850000,6368860000,6667000000,10159000000,18077390000,27156300000,23686730000,16468200000,28169400000,25308240000,38991270000,57184660000,93254500000,68777140000,89380290000,68125140000,73335290000,75705320000,1.33E+11,1.56E+11,1.83E+11,2.65E+11,3.38E+11,3.57E+11,3.93E+11,6.28E+11,4.46E+11,4.48E+11,5.07E+11,7.06E+11,9.32E+11,1.24E+12,1.75E+12,1.50E+12,1.33E+12,1.40E+12,1.47E+12,1.35E+12,1.32E+12,1.34E+12,1.10E+12,1.15E+12,1.28E+12
India,IND,"Stocks traded, total value (current US$)",CM.MKT.TRAD.CD,,,,,,,,,,,,,,,,,,,,,,,,,,,,,2.72E+11,3.93E+11,4.64E+11,6.52E+11,1.14E+12,9.25E+11,1.09E+12,1.08E+12,6.45E+11,6.16E+11,5.38E+11,7.31E+11,7.72E+11,8.02E+11,1.19E+12
Switzerland,CHE,"Stocks traded, total value (current US$)",CM.MKT.TRAD.CD,31659000000,43140000000,36001110000,42907390000,69497400000,79167200000,74911900000,,1.27E+11,1.31E+11,2.15E+11,1.31E+11,4.27E+11,3.89E+11,4.14E+11,4.01E+11,73511430000,72399770000,1.87E+11,2.56E+11,3.19E+11,4.15E+11,5.40E+11,6.88E+11,4.65E+11,6.34E+11,5.87E+11,4.91E+11,4.49E+11,43853810000,56648390000,81267490000,1.26E+12,1.41E+12,7.71E+11,8.75E+11,8.28E+11,5.92E+11,7.00E+11,7.34E+11,9.55E+11,8.37E+11,9.48E+11
Australia,AUS,"Stocks traded, total value (current US$)",CM.MKT.TRAD.CD,1171000000,1340000000,1483000000,883000000,2005310000,4948400000,7788180000,4921550000,9334800000,10108440000,15263050000,22661000000,57498550000,40964150000,43548950000,40186100000,45671250000,42055310000,66719950000,99588430000,98197350000,1.45E+11,1.50E+11,1.56E+11,1.99E+11,2.13E+11,2.41E+11,2.91E+11,4.22E+11,5.45E+11,6.13E+11,8.59E+11,1.37E+12,8.40E+11,8.41E+11,1.13E+12,1.13E+12,9.06E+11,7.88E+11,7.03E+11,7.51E+11,7.95E+11,8.09E+11
Spain,ESP,"Stocks traded, total value (current US$)",CM.MKT.TRAD.CD,1807000000,1962000000,,2148000000,1119220000,887760000,1536270000,1206910000,1189500000,2285720000,3731060000,15808470000,40861730000,26273780000,39543850000,45237610000,48194420000,38079680000,45389680000,69287400000,65931590000,1.04E+11,1.90E+11,3.76E+11,1.03E+12,1.58E+12,1.49E+12,4.54E+11,6.18E+11,8.61E+11,9.81E+11,1.50E+12,2.28E+12,1.73E+12,1.28E+12,1.37E+12,1.13E+12,8.64E+11,9.15E+11,9.92E+11,9.78E+11,5.87E+11,7.42E+11
Brazil,BRA,"Stocks traded, total value (current US$)",CM.MKT.TRAD.CD,,,,,3243400000,5375700000,6183900000,5925400000,3508700000,7413700000,16579730000,28909560000,9826800000,6100000000,4152600000,5842900000,11767600000,23062200000,35188000000,81758100000,78902600000,1.16E+11,2.17E+11,1.73E+11,1.59E+11,94051280000,64476950000,39374690000,70478750000,1.14E+11,1.71E+11,2.79E+11,6.45E+11,5.70E+11,7.08E+11,9.08E+11,8.25E+11,8.32E+11,7.40E+11,6.44E+11,4.20E+11,5.61E+11,6.43E+11
Turkey,TUR,"Stocks traded, total value (current US$)",CM.MKT.TRAD.CD,,,,,,,,,,,,,,,,,8277400000,8346300000,15999100000,21667000000,50888700000,36232800000,43687250000,57170300000,67989190000,1.66E+11,65679790000,67971290000,98127800000,1.47E+11,2.00E+11,2.26E+11,3.25E+11,2.21E+11,3.13E+11,4.03E+11,3.61E+11,3.59E+11,3.74E+11,3.70E+11,3.50E+11,2.82E+11,3.77E+11
Thailand,THA,"Stocks traded, total value (current US$)",CM.MKT.TRAD.CD,,,,,,693000000,233000000,555000000,794000000,936000000,1323000000,2202000000,10797000000,13116000000,12721700000,15736500000,19401000000,71445470000,87102150000,81034600000,58913800000,6673620000,17655040000,22670570000,37307120000,19331120000,31050830000,41280400000,1.05E+11,1.17E+11,89820010000,97009620000,1.13E+11,1.06E+11,1.27E+11,2.22E+11,2.15E+11,2.39E+11,3.50E+11,3.11E+11,2.71E+11,3.25E+11,3.40E+11
Arab World,ARB,"Stocks traded, total value (current US$)",CM.MKT.TRAD.CD,,,,,,,,,,,,,,,,,,,,,,,,,,,,,,,,1.59E+12,,7.93E+11,5.29E+11,3.07E+11,3.79E+11,5.98E+11,5.16E+11,8.06E+11,5.44E+11,3.94E+11,3.05E+11
Singapore,SGP,"Stocks traded, total value (current US$)",CM.MKT.TRAD.CD,,,,,1063000000,3645700000,6376700000,2419000000,5587600000,3842600000,1445610000,2681700000,7222420000,4622030000,14114810000,21069600000,18083700000,18905900000,83468250000,88880800000,63952220000,60254800000,74137300000,58509600000,1.07E+11,95153100000,71093600000,63047800000,94336510000,1.11E+11,1.17E+11,1.86E+11,3.81E+11,2.53E+11,2.54E+11,3.06E+11,2.75E+11,2.61E+11,2.79E+11,2.01E+11,1.98E+11,1.88E+11,2.20E+11
Saudi Arabia,SAU,"Stocks traded, total value (current US$)",CM.MKT.TRAD.CD,,,,,,,,,,,,,,,,,,,,,,,,,,,22291000000,35678100000,1.59E+11,4.73E+11,1.10E+12,1.40E+12,6.82E+11,5.23E+11,3.35E+11,2.01E+11,2.91E+11,5.11E+11,3.62E+11,5.67E+11,4.37E+11,3.06E+11,2.18E+11
Russian Federation,RUS,"Stocks traded, total value (current US$)",CM.MKT.TRAD.CD,,,,,,,,,,,,,,,,,,,,,,,,,,,28201700000,47667400000,79722900000,1.19E+11,1.48E+11,5.83E+11,1.28E+12,1.16E+12,5.10E+11,5.07E+11,5.54E+11,3.40E+11,2.36E+11,1.60E+11,1.17E+11,1.40E+11,1.46E+11
Malaysia,MYS,"Stocks traded, total value (current US$)",CM.MKT.TRAD.CD,,,,,,2572600000,3103870000,1223970000,2999960000,2154930000,2399010000,1168600000,3810980000,2503230000,6606150000,10711640000,10684400000,18566190000,14162584000,11942760000,60129400000,25646550000,42592300000,26551930000,42056320000,52511580000,21032890000,25728420000,45712010000,54191340000,44644510000,69145410000,1.55E+11,82321320000,80838640000,1.15E+11,1.30E+11,1.24E+11,1.42E+11,1.43E+11,1.11E+11,98285417642,1.37E+11
Norway,NOR,"Stocks traded, total value (current US$)",CM.MKT.TRAD.CD,,,,,,84000000,99510000,87380000,906430000,2195860000,2127620000,1700320000,9646190000,4815010000,13030540000,14829960000,12609870000,9120080000,16629300000,18179710000,24486420000,35396600000,45792280000,39820060000,49890630000,60355500000,52842920000,36490730000,48890150000,91525110000,1.42E+11,2.83E+11,4.08E+11,2.72E+11,2.08E+11,2.12E+11,1.85E+11,1.20E+11,96531630000,1.02E+11,95998950000,1.05E+11,1.18E+11
Mexico,MEX,"Stocks traded, total value (current US$)",CM.MKT.TRAD.CD,,,,1336000000,4113270000,3219620000,4181000000,782100000,935950000,1835230000,3042600000,4007450000,10419890000,7672070000,13547450000,18537610000,31648500000,44155420000,62595530000,57168360000,34191800000,43122900000,51705040000,27960160000,34930700000,44700320000,53088620000,25436580000,23082300000,44231400000,54486860000,81840850000,1.18E+11,84860570000,77556620000,1.11E+11,99789260000,1.20E+11,1.64E+11,1.28E+11,1.04E+11,1.12E+11,1.09E+11
Indonesia,IDN,"Stocks traded, total value (current US$)",CM.MKT.TRAD.CD,,,,,,,,,,,,,,,,,,,9088400000,11787500000,14374600000,32438700000,21994720000,12930830000,21161630000,12901770000,9638140000,12387720000,12760430000,21878750000,27858890000,40323050000,94914290000,75849340000,86073390000,1.04E+11,1.05E+11,91929370000,98857720000,90721490000,75045300000,90406630407,92513090235
Israel,ISR,"Stocks traded, total value (current US$)",CM.MKT.TRAD.CD,,,,,621360000,1657730000,3076120000,4802450000,5374800000,622650000,718900000,2095900000,4828200000,2322300000,3740500000,5257320000,8386040000,13095820000,28782030000,25054020000,8789260000,8100000000,13896080000,13820100000,20933460000,28704830000,14989800000,11370200000,17805460000,30280790000,42441080000,63163660000,99551830000,95990440000,79544090000,1.08E+11,76610440000,50802180000,55578800000,47300530000,56371100000,51823858462,69037746840
Poland,POL,"Stocks traded, total value (current US$)",CM.MKT.TRAD.CD,,,,,,,,,,,,,,,,,83000000,417000000,1975100000,5206700000,2769110000,5543800000,7424680000,8872930000,10745410000,20459530000,10176860000,3242530000,7764010000,17805410000,26241350000,53233690000,90168840000,51688940000,56628310000,69439410000,73064170000,60228450000,72612730000,57794630000,52627770000,45639568724,68001894912
United Arab Emirates,ARE,"Stocks traded, total value (current US$)",CM.MKT.TRAD.CD,,,,,,,,,,,,,,,,,,,,,,,,,,,,,,,,20187670000,47604080000,71135377000,65802580000,27717670000,15004370000,17951830000,66579810000,1.43E+11,56641170000,48548890000,43036010000
Austria,AUT,"Stocks traded, total value (current US$)",CM.MKT.TRAD.CD,67000000,96000000,74000000,85000000,91200000,105300000,84300000,73100000,132600000,113400000,801730000,1195600000,1383730000,1989650000,26209560000,57671350000,7685860000,4757560000,6586150000,8772950000,13000810000,10338400000,12071580000,18056390000,11813170000,9665760000,7313690000,6507290000,12035820000,25927690000,43328140000,82970200000,1.29E+11,98137240000,51509760000,48838610000,38787870000,23639550000,26528040000,28719260000,31732950000,26552486712,39986893432
Chile,CHL,"Stocks traded, total value (current US$)",CM.MKT.TRAD.CD,,,,,,753000000,449000000,221000000,107000000,100000000,144000000,755000000,1266000000,1525000000,1879000000,1577000000,1768840000,1921160000,2641310000,5298300000,11086000000,1078430000,7427600000,4299050000,6521940000,5763660000,4071120000,2661800000,7562670000,13081570000,20450590000,27812170000,45162640000,28872350000,37034010000,57925320000,51266630000,46491890000,41226990000,27130870000,19674570000,23973143324,38092071235
Vietnam,VNM,"Stocks traded, total value (current US$)",CM.MKT.TRAD.CD,,,,,,,,,,,,,,,,,,,,,,,,,,,,,,,,,,7057430000,22670400000,19143840000,7491730000,,10409880000,21801890000,18664080000,22271630764,38059696682
Philippines,PHL,"Stocks traded, total value (current US$)",CM.MKT.TRAD.CD,,,,,,1542000000,377000000,330000000,1416000000,376000000,303000000,1724000000,4733000000,2471000000,6087000000,3054000000,3469000000,6243000000,6593100000,13934400000,14666800000,25510400000,20350000000,10505910000,19378710000,7374260000,3013660000,2142550000,2444850000,3233590000,5352940000,9158600000,24234700000,12368670000,14319410000,22249330000,27366630000,35684030000,44588930000,42213210000,38418040000,35851411587,33804496728
Ireland,IRL,"Stocks traded, total value (current US$)",CM.MKT.TRAD.CD,,,,,,,,,,,,,,,,,,,,,13327400000,11794400000,16003420000,43099750000,45080690000,14714110000,22484200000,3139580000,6103660000,5977030000,7806200000,12079770000,24661110000,17562380000,9880900000,8869570000,8171340000,9374110000,14901120000,16573830000,20929460000,22345510630,28924231097
Qatar,QAT,"Stocks traded, total value (current US$)",CM.MKT.TRAD.CD,,,,,,,,,,,,,,,,,,,,,,,,,,,,,,,,20754100000,29940120000,48186490000,25319200000,18401500000,22908600000,19410000000,20564610000,54729710000,24152160000,18956146618,18330180817
Greece,GRC,"Stocks traded, total value (current US$)",CM.MKT.TRAD.CD,,,,,,291000000,189000000,132000000,64000000,48000000,71000000,107000000,1202000000,832000000,1429000000,7977000000,4785000000,2755000000,5037000000,5008500000,5950100000,8234400000,21136600000,50019500000,1.84E+11,91619800000,37130260000,20448960000,33877540000,39892350000,49161710000,86545360000,1.22E+11,81801420000,59313130000,40642980000,22978960000,15077480000,24010790000,33050380000,17942840000,12224003417,15211933446
"Egypt, Arab Rep.",EGY,"Stocks traded, total value (current US$)",CM.MKT.TRAD.CD,,,,,,,,,,,,,,,,,,,,,,,,,,,,,,,,48363770000,61517870000,95826680000,74374270000,37215400000,15897550000,17093390000,12735110000,26440980000,14760100000,10080164454,14428816885
Colombia,COL,"Stocks traded, total value (current US$)",CM.MKT.TRAD.CD,,,,,,357000000,490000000,124000000,62000000,54000000,43000000,52000000,105000000,95000000,101000000,108000000,358000000,828000000,908000000,2633000000,1202000000,2557000000,2389000000,3263000000,1382000000,1179000000,784000000,1031000000,805800000,2079600000,9548720000,15617180000,17247590000,18034040000,19849620000,22697170000,25946340000,32202940000,20409200000,17216000000,11586530000,13317000000,13078000000
New Zealand,NZL,"Stocks traded, total value (current US$)",CM.MKT.TRAD.CD,,,,,,,,,,,937670000,2151500000,2934250000,1078100000,943800000,1925800000,2705770000,3023160000,6731400000,7399850000,8373880000,9684600000,8861920000,11767040000,12045890000,9975220000,8509680000,2586820000,3861970000,5090390000,5456180000,5406900000,5950220000,3297690000,3296850000,1916000000,3863440000,5347360000,8852080000,8655490000,9059180000,10935502053,11867884009
"Iran, Islamic Rep.",IRN,"Stocks traded, total value (current US$)",CM.MKT.TRAD.CD,153000000,300000000,202000000,449000000,,,,,,,,,,,,,530700000,595850000,211960000,432500000,554560000,1865100000,962190000,871610000,1775020000,4460570000,1567300000,1741100000,3912990000,11257690000,7197880000,4713980000,8146940000,14618110000,16988400000,16987110000,14409330000,15061390000,44305850000,23365970000,8444810000,18689210535,11741666197
Hungary,HUN,"Stocks traded, total value (current US$)",CM.MKT.TRAD.CD,,,,,,,,,,,,,,,,,,,,,,,,,,,,6642220000,8862590000,14269590000,22164080000,30986590000,47286400000,27563770000,27205900000,26466460000,15651910000,10963360000,10822660000,7113710000,7440530000,7812418044,10382730752
Argentina,ARG,"Stocks traded, total value (current US$)",CM.MKT.TRAD.CD,450000000,806000000,239000000,352000000,1471500000,1115000000,184050000,242900000,175700000,253300000,474410000,239220000,143980000,4272730000,396070000,800770000,4548690000,15738610000,49764530000,1.13E+11,31903600000,31303500000,38206640000,26064460000,11862190000,9145630000,6662000000,1168610000,2929510000,4551450000,5257770000,3387990000,4845000000,3337600000,1510580000,2544790000,2454310000,1462140000,2237310000,3522520000,2699820000,4360745593,6592777693
Peru,PER,"Stocks traded, total value (current US$)",CM.MKT.TRAD.CD,,,,,,,,,,,,,,,,,,,1547500000,3091400000,3884800000,3554100000,3857670000,2627380000,2455010000,2190650000,736170000,959820000,969200000,1057210000,1715940000,4132310000,8060850000,3681120000,2958750000,3993420000,5176170000,5278840000,3173100000,3227690000,1451050000,2695263973,5665324454
Morocco,MAR,"Stocks traded, total value (current US$)",CM.MKT.TRAD.CD,,,,,,,,,,,,,,,,,,,488000000,812700000,2446200000,2070600000,3167000000,5206900000,8365000000,3155900000,1733700000,998900000,2578500000,3928700000,7890600000,9859300000,23172000000,13766900000,7913100000,6098300000,4092520000,3492990000,3236760000,3039870000,2919000000,3177675708,4227434947
Oman,OMN,"Stocks traded, total value (current US$)",CM.MKT.TRAD.CD,,,,,,,,,,,,,,,,,,,187900000,304300000,269780000,657910000,3727530000,1942080000,485850000,548600000,348000000,600780000,1542260000,1971430000,3654220000,2916820000,6909370000,8799790000,5833970000,3309430000,2548940000,2662690000,5735640000,5804960000,3559680000,2459047123,2385830010
Jordan,JOR,"Stocks traded, total value (current US$)",CM.MKT.TRAD.CD,,,,,,,,,,,,,,,,,,,1325900000,703200000,591000000,350200000,500900000,652200000,548500000,471400000,943400000,1339200000,2616600000,5350200000,23815600000,19557200000,17427100000,27192780000,12905330000,8597360000,3897390000,2729780000,3427410000,3092270000,3554980000,2584523810,2334520770
Nigeria,NGA,"Stocks traded, total value (current US$)",CM.MKT.TRAD.CD,,,,,,,,,,,,,,,,,,,30200000,44800000,83580000,314620000,499030000,609520000,112600000,,169200000,,,1680630000,1953770000,3597590000,17359880000,16718610000,4492730000,5105160000,3871930000,4092800000,6227900000,5132910000,4084890000,1509644083,2206106213
Kazakhstan,KAZ,"Stocks traded, total value (current US$)",CM.MKT.TRAD.CD,,,,,,,,,,,,,,,,,,,,,,,,,,,,30000000,438450000,1016410000,1040850000,2438560000,9005240000,3740720000,4265280000,526360000,545740000,1123000000,700900000,861600000,2656490000,741676553.6,785262029.1
Sri Lanka,LKA,"Stocks traded, total value (current US$)",CM.MKT.TRAD.CD,,,,,,,,,,,,,,,,,,,377500000,695100000,85300000,58900000,309200000,281600000,208460000,133600000,130520000,315460000,720220000,558120000,1079860000,978630000,966270000,968470000,1245300000,4994900000,4795920000,1674450000,1532630000,2598450000,1793280000,1203803239,758804811.1
Lebanon,LBN,"Stocks traded, total value (current US$)",CM.MKT.TRAD.CD,,,,,,,,,,,,,,,,,,,,,,67090000,639730000,328350000,86200000,116360000,52600000,117660000,124010000,188230000,902100000,2010570000,967400000,1711280000,1040920000,1877260000,511490000,408000000,156900000,624400000,505220000,902710000,609983808.2
Bahrain,BHR,"Stocks traded, total value (current US$)",CM.MKT.TRAD.CD,,,,,,,,,,,,,,,,,,,,160200000,106100000,176700000,479500000,576390000,445390000,245440000,191500000,215000000,266730000,311640000,702290000,1381120000,1044720000,2083620000,466280000,287560000,156130000,278400000,604600000,717800000,294040000,332914102.2,562999038.2
West Bank and Gaza,PSE,"Stocks traded, total value (current US$)",CM.MKT.TRAD.CD,,,,,,,,,,,,,,,,,,,,,,,,,106620000,134140000,52880000,31970000,41350000,142230000,942800000,462000000,635640000,856540000,413930000,373940000,302470000,242920000,240350000,353910000,320380000,445960000,469060000
Mauritius,MUS,"Stocks traded, total value (current US$)",CM.MKT.TRAD.CD,,,,,,,,,,,,,,,,,,,37520000,83450000,53540000,99190000,122160000,94470000,70810000,65420000,105350000,55030000,102660000,114100000,139800000,156870000,411780000,348680000,340260000,365000000,510030000,295840000,321260000,463330000,460790000,319568571,449585432.6
Croatia,HRV,"Stocks traded, total value (current US$)",CM.MKT.TRAD.CD,,,,,,,,,,,,,,,,,,,13200000,13200000,308000000,178720000,242360000,100040000,68810000,189230000,115900000,160170000,246530000,464980000,756920000,1876170000,4386100000,3215960000,1461890000,1049850000,926790000,542700000,553800000,490100000,423780000,317770000,432312165.7
Slovenia,SVN,"Stocks traded, total value (current US$)",CM.MKT.TRAD.CD,,,,,,,,,,,,,,,,,,,400000,416600000,348100000,494100000,519740000,806050000,848370000,638860000,965680000,926520000,500240000,771260000,476050000,1056370000,2936580000,1352320000,1032860000,484040000,512100000,399910000,412580000,735840000,364530000,305770691,377300000
Malta,MLT,"Stocks traded, total value (current US$)",CM.MKT.TRAD.CD,,,,,,,,,,,,,,,,,,,,,,,,35420000,52700000,185910000,48860000,54850000,51110000,100660000,139480000,270520000,94590000,68090000,36470000,48560000,48770000,44090000,67360000,61460000,88800000,73870539.1,105439585.2
Luxembourg,LUX,"Stocks traded, total value (current US$)",CM.MKT.TRAD.CD,,,,,,,,17000000,16010000,20140000,42250000,120310000,125450000,255120000,204500000,197250000,147450000,114210000,211240000,268840000,205310000,514100000,995520000,1548420000,951190000,1222420000,430950000,307290000,283010000,396490000,226700000,240370000,244010000,1790660000,280880000,177820000,122730000,114950000,119540000,110450000,95950000,70425208.81,93543038.42
Cyprus,CYP,"Stocks traded, total value (current US$)",CM.MKT.TRAD.CD,,,,,,,,,,,,,,,,,,,28100000,88200000,296700000,458500000,402500000,700300000,6409000000,9541300000,3148800000,668000000,310300000,264700000,472800000,3146500000,4464700000,1794400000,1761280000,742500000,449200000,294610000,41220000,56610000,130900000,74231207.29,69126963.59
Bermuda,BMU,"Stocks traded, total value (current US$)",CM.MKT.TRAD.CD,,,,,,,,,,,,,,,,,,,,,32100000,35700000,96400000,97600000,226000000,136000000,213000000,92000000,50720000,63970000,68350000,157000000,161920000,102000000,30990000,104510000,18730000,29260000,44100000,23670000,15310000,216970000,39140000
Aruba,ABW,"Stocks traded, total value (current US$)",CM.MKT.TRAD.CD,,,,,,,,,,,,,,,,,,,,,,,,,,,,,,,,,,,,,,,,,,,
Afghanistan,AFG,"Stocks traded, total value (current US$)",CM.MKT.TRAD.CD,,,,,,,,,,,,,,,,,,,,,,,,,,,,,,,,,,,,,,,,,,,
Angola,AGO,"Stocks traded, total value (current US$)",CM.MKT.TRAD.CD,,,,,,,,,,,,,,,,,,,,,,,,,,,,,,,,,,,,,,,,,,,
Albania,ALB,"Stocks traded, total value (current US$)",CM.MKT.TRAD.CD,,,,,,,,,,,,,,,,,,,,,,,,,,,,,,,,,,,,,,,,,,,
Andorra,AND,"Stocks traded, total value (current US$)",CM.MKT.TRAD.CD,,,,,,,,,,,,,,,,,,,,,,,,,,,,,,,,,,,,,,,,,,,
Armenia,ARM,"Stocks traded, total value (current US$)",CM.MKT.TRAD.CD,,,,,,,,,,,,,,,,,,,,,,,,,,,,,,,,,,,,,,,,,,,
American Samoa,ASM,"Stocks traded, total value (current US$)",CM.MKT.TRAD.CD,,,,,,,,,,,,,,,,,,,,,,,,,,,,,,,,,,,,,,,,,,,
Antigua and Barbuda,ATG,"Stocks traded, total value (current US$)",CM.MKT.TRAD.CD,,,,,,,,,,,,,,,,,,,,,,,,,,,,,,,,,,,,,,,,,,,
Azerbaijan,AZE,"Stocks traded, total value (current US$)",CM.MKT.TRAD.CD,,,,,,,,,,,,,,,,,,,,,,,,,,,,,,,,,,,,,,,,,,,
Burundi,BDI,"Stocks traded, total value (current US$)",CM.MKT.TRAD.CD,,,,,,,,,,,,,,,,,,,,,,,,,,,,,,,,,,,,,,,,,,,
Belgium,BEL,"Stocks traded, total value (current US$)",CM.MKT.TRAD.CD,576010000,661000000,620000000,723000000,1056010000,772530000,621220000,1034380000,1315560000,1442630000,2211400000,4801260000,8049500000,8238000000,8493120000,7285890000,6761040000,7770800000,10556370000,12992300000,15196200000,21877400000,28467060000,58960900000,50562290000,38584170000,37775700000,38167730000,41355490000,75105190000,1.07E+11,1.35E+11,2.32E+11,1.91E+11,1.23E+11,1.07E+11,1.03E+11,1.01E+11,1.15E+11,1.07E+11,,,
Benin,BEN,"Stocks traded, total value (current US$)",CM.MKT.TRAD.CD,,,,,,,,,,,,,,,,,,,,,,,,,,,,,,,,,,,,,,,,,,,
Burkina Faso,BFA,"Stocks traded, total value (current US$)",CM.MKT.TRAD.CD,,,,,,,,,,,,,,,,,,,,,,,,,,,,,,,,,,,,,,,,,,,
Bangladesh,BGD,"Stocks traded, total value (current US$)",CM.MKT.TRAD.CD,,,,,,,,,,,,,,,,,,,14800000,107700000,150060000,852940000,569150000,1008800000,968390000,935530000,261100000,,,248100000,205560000,236490000,707840000,1461690000,2339290000,4837590000,2224437040,1443100000,1235919200,,,,
Bulgaria,BGR,"Stocks traded, total value (current US$)",CM.MKT.TRAD.CD,,,,,,,,,,,,,,,,,,,2200000,2200000,4200000,9690000,43330000,146110000,5800000,4110000,70300000,163100000,116210000,458150000,781480000,1868260000,6784270000,1314850000,487090000,377250000,321870000,362000000,879600000,,,,
"Bahamas, The",BHS,"Stocks traded, total value (current US$)",CM.MKT.TRAD.CD,,,,,,,,,,,,,,,,,,,,,,,,,,,,,,,,,,,,,,,,,,,
Bosnia and Herzegovina,BIH,"Stocks traded, total value (current US$)",CM.MKT.TRAD.CD,,,,,,,,,,,,,,,,,,,,,,,,,,,,,,,,,,,,,,,,,,,
Belarus,BLR,"Stocks traded, total value (current US$)",CM.MKT.TRAD.CD,,,,,,,,,,,,,,,,,,,,,,,,,,,,,,,,,,,,,,,,,,,
Belize,BLZ,"Stocks traded, total value (current US$)",CM.MKT.TRAD.CD,,,,,,,,,,,,,,,,,,,,,,,,,,,,,,,,,,,,,,,,,,,
Bolivia,BOL,"Stocks traded, total value (current US$)",CM.MKT.TRAD.CD,,,,,,,,,,,,,,,,,,,,,,,,,,,,,,,,,,,,,,,,,,,
Barbados,BRB,"Stocks traded, total value (current US$)",CM.MKT.TRAD.CD,,,,,,,,,,,,,,,,,,,4400000,5700000,3110000,6160000,23170000,31830000,10190000,48100000,10300000,,,,,,,,,33600000,117180000,16000000,6400000,8700000,,,
Brunei Darussalam,BRN,"Stocks traded, total value (current US$)",CM.MKT.TRAD.CD,,,,,,,,,,,,,,,,,,,,,,,,,,,,,,,,,,,,,,,,,,,
Bhutan,BTN,"Stocks traded, total value (current US$)",CM.MKT.TRAD.CD,,,,,,,,,,,,,,,,,,,,,,,,,,,,,,,,,,,,,,,,,,,
Botswana,BWA,"Stocks traded, total value (current US$)",CM.MKT.TRAD.CD,,,,,,,,,,,,,,,,,,,,30000000,37910000,28510000,56400000,66250000,36710000,,,,,,,,,,,,,,,,,,
Central African Republic,CAF,"Stocks traded, total value (current US$)",CM.MKT.TRAD.CD,,,,,,,,,,,,,,,,,,,,,,,,,,,,,,,,,,,,,,,,,,,
Central Europe and the Baltics,CEB,"Stocks traded, total value (current US$)",CM.MKT.TRAD.CD,,,,,,,,,,,,,,,,,,,2231100000,7340700000,7009000000,15174890000,16632600000,16593780000,16504570000,29137080000,16256940000,18499800000,28202350000,54909310000,86248090000,1.20E+11,1.92E+11,1.19E+11,1.15E+11,1.22E+11,1.14E+11,92203760000,98741090000,78528780000,,,
Channel Islands,CHI,"Stocks traded, total value (current US$)",CM.MKT.TRAD.CD,,,,,,,,,,,,,,,,,,,,,,,,,73500000,34460000,59800000,46990000,8470000,12520000,2750000,780000,100000,,,,,,,,,,
Cote d'Ivoire,CIV,"Stocks traded, total value (current US$)",CM.MKT.TRAD.CD,,,,,,,,,,,,,,,,,,,,,,,,,,,,,,,,,,,,,,,,,,,
Cameroon,CMR,"Stocks traded, total value (current US$)",CM.MKT.TRAD.CD,,,,,,,,,,,,,,,,,,,,,,,,,,,,,,,,,,,,,,,,,,,
"Congo, Dem. Rep.",COD,"Stocks traded, total value (current US$)",CM.MKT.TRAD.CD,,,,,,,,,,,,,,,,,,,,,,,,,,,,,,,,,,,,,,,,,,,
"Congo, Rep.",COG,"Stocks traded, total value (current US$)",CM.MKT.TRAD.CD,,,,,,,,,,,,,,,,,,,,,,,,,,,,,,,,,,,,,,,,,,,
Comoros,COM,"Stocks traded, total value (current US$)",CM.MKT.TRAD.CD,,,,,,,,,,,,,,,,,,,,,,,,,,,,,,,,,,,,,,,,,,,
Cabo Verde,CPV,"Stocks traded, total value (current US$)",CM.MKT.TRAD.CD,,,,,,,,,,,,,,,,,,,,,,,,,,,,,,,,,,,,,,,,,,,
Costa Rica,CRI,"Stocks traded, total value (current US$)",CM.MKT.TRAD.CD,,,,,,,,,,,,,,,,,,,11000000,21700000,15740000,13510000,17250000,32360000,208320000,,,,114900000,37580000,21900000,61830000,71690000,54460000,31340000,41350000,36830000,33600000,66100000,,,,
Caribbean small states,CSS,"Stocks traded, total value (current US$)",CM.MKT.TRAD.CD,,,,,,,,,,,,,,,,,,,,,,,,,,,,,,,,,,,,,,,,,,,
Cuba,CUB,"Stocks traded, total value (current US$)",CM.MKT.TRAD.CD,,,,,,,,,,,,,,,,,,,,,,,,,,,,,,,,,,,,,,,,,,,
Curacao,CUW,"Stocks traded, total value (current US$)",CM.MKT.TRAD.CD,,,,,,,,,,,,,,,,,,,,,,,,,,,,,,,,,,,,,,,,,,,
Cayman Islands,CYM,"Stocks traded, total value (current US$)",CM.MKT.TRAD.CD,,,,,,,,,,,,,,,,,,,,,,,,,,,,,,,,1580000,5800000,1400000,1900000,1000000,2540000,2540000,,,500000,,
Czech Republic,CZE,"Stocks traded, total value (current US$)",CM.MKT.TRAD.CD,,,,,,,,,,,,,,,,,,,237500000,1527300000,2744870000,6329680000,5712390000,4725690000,3933790000,6650030000,3448100000,5922260000,8768390000,18009920000,34340240000,28778550000,37788550000,32280700000,26637000000,22077000000,20608000000,17535000000,12269000000,10777000000,,,
Djibouti,DJI,"Stocks traded, total value (current US$)",CM.MKT.TRAD.CD,,,,,,,,,,,,,,,,,,,,,,,,,,,,,,,,,,,,,,,,,,,
Dominica,DMA,"Stocks traded, total value (current US$)",CM.MKT.TRAD.CD,,,,,,,,,,,,,,,,,,,,,,,,,,,,,,,,,,,,,,,,,,,
Denmark,DNK,"Stocks traded, total value (current US$)",CM.MKT.TRAD.CD,54000000,65000000,49000000,62000000,62890000,54560000,56930000,55820000,168030000,159420000,1505520000,2055870000,2145550000,5000290000,13998180000,11894040000,10036490000,15204790000,20028360000,25793870000,26206400000,33809000000,43861170000,67133470000,55562340000,89909810000,66026060000,32507890000,43877390000,68190070000,,,,,,,,,,,,,
Dominican Republic,DOM,"Stocks traded, total value (current US$)",CM.MKT.TRAD.CD,,,,,,,,,,,,,,,,,,,,,,,,,,,,,,,,,,,,,,,,,,,
Algeria,DZA,"Stocks traded, total value (current US$)",CM.MKT.TRAD.CD,,,,,,,,,,,,,,,,,,,,,,,,,,,,,,,,,,,,,,,,,,,
Europe & Central Asia,ECS,"Stocks traded, total value (current US$)",CM.MKT.TRAD.CD,92212070000,91831930000,81871110000,1.06E+11,1.32E+11,1.56E+11,1.51E+11,69768350000,2.35E+11,2.43E+11,4.50E+11,5.67E+11,1.53E+12,1.23E+12,1.41E+12,1.62E+12,1.15E+12,1.14E+12,1.59E+12,2.01E+12,2.16E+12,2.12E+12,3.84E+12,5.74E+12,6.75E+12,9.76E+12,8.15E+12,5.63E+12,6.47E+12,7.74E+12,7.80E+12,1.20E+13,2.03E+13,1.71E+13,1.08E+13,1.10E+13,1.07E+13,8.54E+12,7.98E+12,1.00E+13,,,
Ecuador,ECU,"Stocks traded, total value (current US$)",CM.MKT.TRAD.CD,,,,,,,,,,,,,,,,,,,,71300000,112500000,70200000,62200000,9400000,18300000,18300000,4800000,13200000,,,,,,,,,,,,,,,
Euro area,EMU,"Stocks traded, total value (current US$)",CM.MKT.TRAD.CD,24990070000,24425930000,26086000000,43210000000,34658670000,38945300000,38948210000,32266350000,54816680000,53348920000,1.44E+11,3.03E+11,6.49E+11,5.16E+11,6.33E+11,8.73E+11,6.96E+11,6.74E+11,8.85E+11,1.12E+12,1.13E+12,8.65E+11,2.16E+12,3.63E+12,4.46E+12,6.56E+12,5.14E+12,3.70E+12,4.27E+12,5.27E+12,5.43E+12,7.96E+12,1.28E+13,1.11E+13,6.11E+12,5.70E+12,5.61E+12,4.57E+12,4.80E+12,6.19E+12,,,
Eritrea,ERI,"Stocks traded, total value (current US$)",CM.MKT.TRAD.CD,,,,,,,,,,,,,,,,,,,,,,,,,,,,,,,,,,,,,,,,,,,
Estonia,EST,"Stocks traded, total value (current US$)",CM.MKT.TRAD.CD,,,,,,,,,,,,,,,,,,,,,,,,691000000,280400000,332100000,258300000,230600000,615200000,899200000,,,,,,,,,,,,,
Ethiopia,ETH,"Stocks traded, total value (current US$)",CM.MKT.TRAD.CD,,,,,,,,,,,,,,,,,,,,,,,,,,,,,,,,,,,,,,,,,,,
European Union,EUU,"Stocks traded, total value (current US$)",CM.MKT.TRAD.CD,60553070000,48691930000,45870000000,63330000000,62355460000,76620860000,75513840000,69680970000,1.07E+11,1.10E+11,2.33E+11,4.35E+11,1.10E+12,8.34E+11,9.83E+11,1.20E+12,1.06E+12,1.05E+12,1.37E+12,1.71E+12,1.77E+12,1.63E+12,3.21E+12,4.95E+12,6.17E+12,8.89E+12,7.42E+12,4.98E+12,5.79E+12,7.32E+12,7.25E+12,1.08E+13,1.70E+13,1.40E+13,9.03E+12,9.04E+12,8.75E+12,7.13E+12,6.57E+12,8.63E+12,,,
Fragile and conflict affected situations,FCS,"Stocks traded, total value (current US$)",CM.MKT.TRAD.CD,,,,,,,,,,,,,,,,,,,,,,,,,,,,,,,,,,,,,,,,,,,
Finland,FIN,"Stocks traded, total value (current US$)",CM.MKT.TRAD.CD,,,,,,,,137600000,239160000,384000000,574030000,1976180000,6735730000,7099740000,7784920000,4138690000,1513030000,1958120000,7809610000,13296000000,19206500000,4532410000,34654130000,63595810000,1.05E+11,2.11E+11,1.79E+11,1.44E+11,1.42E+11,1.89E+11,,,,,,,,,,,,,
Fiji,FJI,"Stocks traded, total value (current US$)",CM.MKT.TRAD.CD,,,,,,,,,,,,,,,,,,,,,,,,,,,,,,,,,,,,,,,,,,,
France,FRA,"Stocks traded, total value (current US$)",CM.MKT.TRAD.CD,5644990000,4013970000,3488000000,9519000000,9431940000,9418460000,7945300000,7161340000,7619230000,7006760000,17435720000,55352670000,89407880000,64377790000,1.11E+11,1.22E+11,1.23E+11,1.17E+11,1.61E+11,2.06E+11,2.11E+11,2.70E+11,3.93E+11,6.04E+11,7.24E+11,1.08E+12,9.81E+11,1.03E+12,1.10E+12,1.32E+12,1.27E+12,2.02E+12,2.90E+12,2.41E+12,1.28E+12,1.35E+12,1.33E+12,1.07E+12,1.11E+12,1.17E+12,,,
Faroe Islands,FRO,"Stocks traded, total value (current US$)",CM.MKT.TRAD.CD,,,,,,,,,,,,,,,,,,,,,,,,,,,,,,,,,,,,,,,,,,,
"Micronesia, Fed. Sts.",FSM,"Stocks traded, total value (current US$)",CM.MKT.TRAD.CD,,,,,,,,,,,,,,,,,,,,,,,,,,,,,,,,,,,,,,,,,,,
Gabon,GAB,"Stocks traded, total value (current US$)",CM.MKT.TRAD.CD,,,,,,,,,,,,,,,,,,,,,,,,,,,,,,,,,,,,,,,,,,,
United Kingdom,GBR,"Stocks traded, total value (current US$)",CM.MKT.TRAD.CD,35400000000,24075000000,19361000000,19634000000,25571600000,35824600000,32839200000,32744600000,42575800000,48283100000,76355610000,1.13E+11,4.27E+11,2.95E+11,3.18E+11,3.04E+11,3.34E+11,3.28E+11,4.17E+11,4.74E+11,5.02E+11,5.89E+11,8.37E+11,1.04E+12,1.42E+12,1.83E+12,1.89E+12,1.05E+12,1.25E+12,1.62E+12,1.73E+12,2.76E+12,3.95E+12,2.74E+12,2.81E+12,3.21E+12,3.03E+12,2.47E+12,1.68E+12,2.36E+12,,,
Georgia,GEO,"Stocks traded, total value (current US$)",CM.MKT.TRAD.CD,,,,,,,,,,,,,,,,,,,,,,,,,,,,,,,,,,,,,,,,,,,
Ghana,GHA,"Stocks traded, total value (current US$)",CM.MKT.TRAD.CD,,,,,,,,,,,,,,,,,,,4100000,69000000,18850000,16150000,41310000,57270000,19890000,6960000,12500000,10000000,43990000,72880000,51000000,51600000,145400000,286800000,51800000,101800000,254100000,51000000,192900000,,,,
Gibraltar,GIB,"Stocks traded, total value (current US$)",CM.MKT.TRAD.CD,,,,,,,,,,,,,,,,,,,,,,,,,,,,,,,,,,,,,,,,,,,
Guinea,GIN,"Stocks traded, total value (current US$)",CM.MKT.TRAD.CD,,,,,,,,,,,,,,,,,,,,,,,,,,,,,,,,,,,,,,,,,,,
"Gambia, The",GMB,"Stocks traded, total value (current US$)",CM.MKT.TRAD.CD,,,,,,,,,,,,,,,,,,,,,,,,,,,,,,,,,,,,,,,,,,,
Guinea-Bissau,GNB,"Stocks traded, total value (current US$)",CM.MKT.TRAD.CD,,,,,,,,,,,,,,,,,,,,,,,,,,,,,,,,,,,,,,,,,,,
Equatorial Guinea,GNQ,"Stocks traded, total value (current US$)",CM.MKT.TRAD.CD,,,,,,,,,,,,,,,,,,,,,,,,,,,,,,,,,,,,,,,,,,,
Grenada,GRD,"Stocks traded, total value (current US$)",CM.MKT.TRAD.CD,,,,,,,,,,,,,,,,,,,,,,,,,,,,,,,,,,,,,,,,,,,
Greenland,GRL,"Stocks traded, total value (current US$)",CM.MKT.TRAD.CD,,,,,,,,,,,,,,,,,,,,,,,,,,,,,,,,,,,,,,,,,,,
Guatemala,GTM,"Stocks traded, total value (current US$)",CM.MKT.TRAD.CD,,,,,,,,,,,,,,,,,,,,,,,,,,,,,,,,,,,,,,,,,,,
Guam,GUM,"Stocks traded, total value (current US$)",CM.MKT.TRAD.CD,,,,,,,,,,,,,,,,,,,,,,,,,,,,,,,,,,,,,,,,,,,
Guyana,GUY,"Stocks traded, total value (current US$)",CM.MKT.TRAD.CD,,,,,,,,,,,,,,,,,,,,,,,,,,,,,,,,,,,,,,,,,,,
Honduras,HND,"Stocks traded, total value (current US$)",CM.MKT.TRAD.CD,,,,,,,,,,,,,,,,,,,,,,,,,,,,,,,,,,,,,,,,,,,
Heavily indebted poor countries (HIPC),HPC,"Stocks traded, total value (current US$)",CM.MKT.TRAD.CD,,,,,,,,,,,,,,,,,,,,,,,,,,,,,,,,,,,,,,,,,,,
Haiti,HTI,"Stocks traded, total value (current US$)",CM.MKT.TRAD.CD,,,,,,,,,,,,,,,,,,,,,,,,,,,,,,,,,,,,,,,,,,,
IDA total,IDA,"Stocks traded, total value (current US$)",CM.MKT.TRAD.CD,,,,,,,,,,,,,,,,,,,,,,,,,,,,,,,,,,,,,,,,,,,
IDA blend,IDB,"Stocks traded, total value (current US$)",CM.MKT.TRAD.CD,,,,,,,,,,,,,,,,,,,,,,6180520000,11472270000,9753700000,21186460000,,12661880000,,,1.42E+11,1.42E+11,1.30E+11,1.18E+11,59805780000,22312560000,17579030000,14499640000,17076900000,8595500000,6683510000,31875670000,29861864083,
IDA only,IDX,"Stocks traded, total value (current US$)",CM.MKT.TRAD.CD,,,,,,,,,,,,,,,,,,,,,,,,,,,,,,,,,,,,,,,,,,,
Isle of Man,IMN,"Stocks traded, total value (current US$)",CM.MKT.TRAD.CD,,,,,,,,,,,,,,,,,,,,,,,,,,,,,,,,,,,,,,,,,,,
Not classified,INX,"Stocks traded, total value (current US$)",CM.MKT.TRAD.CD,,,,,,,,,,,,,,,,,,,,,,,,,,,,,,,,,,,,,,,,,,,
Iraq,IRQ,"Stocks traded, total value (current US$)",CM.MKT.TRAD.CD,,,,,,,,,,,,,,,,,,,,,,,,,,,,,,,,,,,,,,,,,,,
Iceland,ISL,"Stocks traded, total value (current US$)",CM.MKT.TRAD.CD,,,,,,,,,,,,,,,,,,,13200000,19500000,43800000,84900000,180900000,517600000,1571800000,2205400000,1282000000,3963600000,7808700000,11735200000,,,,,,,,,,,,,
Italy,ITA,"Stocks traded, total value (current US$)",CM.MKT.TRAD.CD,1637000000,1256000000,866000000,1968000000,3460700000,8573800000,10850100000,2787300000,3871700000,4045400000,13714280000,38351200000,32379400000,31604400000,42033300000,42170000000,23433200000,27632100000,65943300000,1.19E+11,87085100000,1.03E+11,2.03E+11,4.86E+11,5.36E+11,9.90E+11,6.00E+11,5.76E+11,7.32E+11,9.00E+11,1.05E+12,1.21E+12,2.21E+12,1.38E+12,9.27E+11,6.66E+11,8.47E+11,7.83E+11,7.70E+11,2.06E+12,,,
Jamaica,JAM,"Stocks traded, total value (current US$)",CM.MKT.TRAD.CD,,,,,,,,,,,,,,,,,,,293300000,161400000,97690000,136160000,132210000,55710000,53850000,76300000,124000000,153200000,,,,,,,,,256040000,716400000,71000000,125200000,,,
Kenya,KEN,"Stocks traded, total value (current US$)",CM.MKT.TRAD.CD,,,,,,,,,,,,,,,,,,,12100000,68600000,59850000,71180000,97490000,74200000,48500000,37800000,39300000,37380000,200000000,283840000,504120000,1364270000,1127770000,742200000,198340000,793530000,917250000,1008100000,1804700000,1010900000,683050000,815820000,
Kyrgyz Republic,KGZ,"Stocks traded, total value (current US$)",CM.MKT.TRAD.CD,,,,,,,,,,,,,,,,,,,,,,,,,,,,,,,,,,,,,,,,,,,
Cambodia,KHM,"Stocks traded, total value (current US$)",CM.MKT.TRAD.CD,,,,,,,,,,,,,,,,,,,,,,,,,,,,,,,,,,,,,,,,,,,
Kiribati,KIR,"Stocks traded, total value (current US$)",CM.MKT.TRAD.CD,,,,,,,,,,,,,,,,,,,,,,,,,,,,,,,,,,,,,,,,,,,
St. Kitts and Nevis,KNA,"Stocks traded, total value (current US$)",CM.MKT.TRAD.CD,,,,,,,,,,,,,,,,,,,,,,,,,,,,,,,,,,,,,,,,,,,
Kuwait,KWT,"Stocks traded, total value (current US$)",CM.MKT.TRAD.CD,,,,,,,,,,,,,,,,,,,2588200000,1925700000,6173400000,17790000000,32985910000,9270560000,,,1165490000,2230000000,5610000000,48454400000,92368280000,57196160000,,,,,21400000000,21764200000,40330800000,,,,
Lao PDR,LAO,"Stocks traded, total value (current US$)",CM.MKT.TRAD.CD,,,,,,,,,,,,,,,,,,,,,,,,,,,,,,,,,,,,,,,,,,,
Liberia,LBR,"Stocks traded, total value (current US$)",CM.MKT.TRAD.CD,,,,,,,,,,,,,,,,,,,,,,,,,,,,,,,,,,,,,,,,,,,
Libya,LBY,"Stocks traded, total value (current US$)",CM.MKT.TRAD.CD,,,,,,,,,,,,,,,,,,,,,,,,,,,,,,,,,,,,,,,,,,,
St. Lucia,LCA,"Stocks traded, total value (current US$)",CM.MKT.TRAD.CD,,,,,,,,,,,,,,,,,,,,,,,,,,,,,,,,,,,,,,,,,,,
Least developed countries: UN classification,LDC,"Stocks traded, total value (current US$)",CM.MKT.TRAD.CD,,,,,,,,,,,,,,,,,,,,,,,,,,,,,,,,,,,,,,,,,,,
Low income,LIC,"Stocks traded, total value (current US$)",CM.MKT.TRAD.CD,,,,,,,,,,,,,,,,,,,,,,,,,,,,,,,,,,,,,,,,,,,
Liechtenstein,LIE,"Stocks traded, total value (current US$)",CM.MKT.TRAD.CD,,,,,,,,,,,,,,,,,,,,,,,,,,,,,,,,,,,,,,,,,,,
Lesotho,LSO,"Stocks traded, total value (current US$)",CM.MKT.TRAD.CD,,,,,,,,,,,,,,,,,,,,,,,,,,,,,,,,,,,,,,,,,,,
Lithuania,LTU,"Stocks traded, total value (current US$)",CM.MKT.TRAD.CD,,,,,,,,,,,,,,,,,,,,,,,,,,,,,203800000,492900000,,,,,,,,,,,,,
Latvia,LVA,"Stocks traded, total value (current US$)",CM.MKT.TRAD.CD,,,,,,,,,,,,,,,,,,,,,20000,11800000,83100000,88700000,43000000,272700000,164100000,188500000,158200000,159200000,,,,,,,,,,,,,
"Macao SAR, China",MAC,"Stocks traded, total value (current US$)",CM.MKT.TRAD.CD,,,,,,,,,,,,,,,,,,,,,,,,,,,,,,,,,,,,,,,,,,,
St. Martin (French part),MAF,"Stocks traded, total value (current US$)",CM.MKT.TRAD.CD,,,,,,,,,,,,,,,,,,,,,,,,,,,,,,,,,,,,,,,,,,,
Monaco,MCO,"Stocks traded, total value (current US$)",CM.MKT.TRAD.CD,,,,,,,,,,,,,,,,,,,,,,,,,,,,,,,,,,,,,,,,,,,
Moldova,MDA,"Stocks traded, total value (current US$)",CM.MKT.TRAD.CD,,,,,,,,,,,,,,,,,,,,,,,,,,,,,,,,,,,,,,,,,,,
Madagascar,MDG,"Stocks traded, total value (current US$)",CM.MKT.TRAD.CD,,,,,,,,,,,,,,,,,,,,,,,,,,,,,,,,,,,,,,,,,,,
Maldives,MDV,"Stocks traded, total value (current US$)",CM.MKT.TRAD.CD,,,,,,,,,,,,,,,,,,,,,,,,,,,,,,,,,,,,,,,,,,,
Marshall Islands,MHL,"Stocks traded, total value (current US$)",CM.MKT.TRAD.CD,,,,,,,,,,,,,,,,,,,,,,,,,,,,,,,,,,,,,,,,,,,
"Macedonia, FYR",MKD,"Stocks traded, total value (current US$)",CM.MKT.TRAD.CD,,,,,,,,,,,,,,,,,,,,,,,,,,,,,,,,,,,,,,,,,,,
Mali,MLI,"Stocks traded, total value (current US$)",CM.MKT.TRAD.CD,,,,,,,,,,,,,,,,,,,,,,,,,,,,,,,,,,,,,,,,,,,
Myanmar,MMR,"Stocks traded, total value (current US$)",CM.MKT.TRAD.CD,,,,,,,,,,,,,,,,,,,,,,,,,,,,,,,,,,,,,,,,,,,
Middle East & North Africa (excluding high income),MNA,"Stocks traded, total value (current US$)",CM.MKT.TRAD.CD,,,,,,,,,,,,,,,,,,,,,,,,,,,,,,,,,,,,72984970000,40161400000,40279770000,,,30504490000,35880244506,
Montenegro,MNE,"Stocks traded, total value (current US$)",CM.MKT.TRAD.CD,,,,,,,,,,,,,,,,,,,,,,,,,,,,,,,,,357020000,83270000,,44400000,76590000,43510000,,,,,
Mongolia,MNG,"Stocks traded, total value (current US$)",CM.MKT.TRAD.CD,,,,,,,,,,,,,,,,,,,,,,,,,,,,,,,,,,,,,,,,,,,
Northern Mariana Islands,MNP,"Stocks traded, total value (current US$)",CM.MKT.TRAD.CD,,,,,,,,,,,,,,,,,,,,,,,,,,,,,,,,,,,,,,,,,,,
Mozambique,MOZ,"Stocks traded, total value (current US$)",CM.MKT.TRAD.CD,,,,,,,,,,,,,,,,,,,,,,,,,,,,,,,,,,,,,,,,,,,
Mauritania,MRT,"Stocks traded, total value (current US$)",CM.MKT.TRAD.CD,,,,,,,,,,,,,,,,,,,,,,,,,,,,,,,,,,,,,,,,,,,
Malawi,MWI,"Stocks traded, total value (current US$)",CM.MKT.TRAD.CD,,,,,,,,,,,,,,,,,,,,,,,,,,,,,,,,,,,,,,,,,,,
Namibia,NAM,"Stocks traded, total value (current US$)",CM.MKT.TRAD.CD,,,,,,,,,,,,,,,,,,,,12200000,2990000,37710000,23100000,12980000,22380000,18520000,5200000,1620000,2740000,19880000,5520000,17300000,20480000,14650000,24990000,20250000,12760000,59900000,33600000,69820000,,,
New Caledonia,NCL,"Stocks traded, total value (current US$)",CM.MKT.TRAD.CD,,,,,,,,,,,,,,,,,,,,,,,,,,,,,,,,,,,,,,,,,,,
Niger,NER,"Stocks traded, total value (current US$)",CM.MKT.TRAD.CD,,,,,,,,,,,,,,,,,,,,,,,,,,,,,,,,,,,,,,,,,,,
Nicaragua,NIC,"Stocks traded, total value (current US$)",CM.MKT.TRAD.CD,,,,,,,,,,,,,,,,,,,,,,,,,,,,,,,,,,,,,,,,,,,
Netherlands,NLD,"Stocks traded, total value (current US$)",CM.MKT.TRAD.CD,4763010000,5872000000,7866000000,9963000000,4678350000,4747900000,4020580000,4921430000,9482660000,11095310000,20206640000,33607600000,44544020000,30165540000,48881340000,43698110000,42545370000,44532750000,51112190000,75939950000,1.16E+11,1.71E+11,2.48E+11,4.05E+11,4.20E+11,6.50E+11,4.56E+11,5.28E+11,5.39E+11,6.29E+11,5.95E+11,9.01E+11,1.54E+12,9.71E+11,5.42E+11,5.57E+11,5.17E+11,4.17E+11,4.77E+11,4.76E+11,,,
Nepal,NPL,"Stocks traded, total value (current US$)",CM.MKT.TRAD.CD,,,,,,,,,,,,,,,,,,,,,,,,,,,,,,,,,,,,,,,,,,,
Nauru,NRU,"Stocks traded, total value (current US$)",CM.MKT.TRAD.CD,,,,,,,,,,,,,,,,,,,,,,,,,,,,,,,,,,,,,,,,,,,
Other small states,OSS,"Stocks traded, total value (current US$)",CM.MKT.TRAD.CD,,,,,,,,,,,,,,,,,,,,,,,,2895610000,,,,,,,,,,,,,,20426350000,21632650000,56256530000,,,
Pakistan,PAK,"Stocks traded, total value (current US$)",CM.MKT.TRAD.CD,,,,,,,,,,,,,,,,,,,,,,5560590000,10562900000,8989720000,20824200000,30999800000,12452800000,25366610000,67718210000,1.40E+11,1.39E+11,1.25E+11,99831760000,42279910000,17593320000,11653590000,9637900000,11976000000,562900000,539700000,27107730000,27536400000,
Panama,PAN,"Stocks traded, total value (current US$)",CM.MKT.TRAD.CD,,,,,,,,,,,,,,,,,,,61700000,70190000,8560000,23220000,54690000,106200000,57700000,181980000,44800000,58900000,53200000,180500000,156400000,253400000,362500000,290800000,32300000,68000000,324000000,716400000,190500000,248300000,,,
Palau,PLW,"Stocks traded, total value (current US$)",CM.MKT.TRAD.CD,,,,,,,,,,,,,,,,,,,,,,,,,,,,,,,,,,,,,,,,,,,
Papua New Guinea,PNG,"Stocks traded, total value (current US$)",CM.MKT.TRAD.CD,,,,,,,,,,,,,,,,,,,,,,,,,,,580000,1301000,2360000,3990000,17090000,24860000,53720000,65060000,28170000,26750000,72560000,,,,,,
Pre-demographic dividend,PRE,"Stocks traded, total value (current US$)",CM.MKT.TRAD.CD,,,,,,,,,,,,,,,,,,,,,,,,,,,,,,,,,,,,,,,,,,,
Puerto Rico,PRI,"Stocks traded, total value (current US$)",CM.MKT.TRAD.CD,,,,,,,,,,,,,,,,,,,,,,,,,,,,,,,,,,,,,,,,,,,
"Korea, Dem. People’s Rep.",PRK,"Stocks traded, total value (current US$)",CM.MKT.TRAD.CD,,,,,,,,,,,,,,,,,,,,,,,,,,,,,,,,,,,,,,,,,,,
Portugal,PRT,"Stocks traded, total value (current US$)",CM.MKT.TRAD.CD,,,,,,,,,,,,,,,,,,,2396700000,4978500000,4212300000,7078900000,19886680000,50223630000,38162770000,55584450000,27286080000,22559990000,23901400000,37116910000,35726030000,66037100000,1.37E+11,75908300000,44769670000,53651340000,35645570000,26436150000,38972910000,46804660000,,,
Paraguay,PRY,"Stocks traded, total value (current US$)",CM.MKT.TRAD.CD,,,,,,,,,,,,,,,,,,,,,19200000,29740000,19410000,15330000,11960000,,13700000,9400000,,,,,,,,,,,,,,,
Pacific island small states,PSS,"Stocks traded, total value (current US$)",CM.MKT.TRAD.CD,,,,,,,,,,,,,,,,,,,,,,,,,,,,,,,,,,,,,,,,,,,
French Polynesia,PYF,"Stocks traded, total value (current US$)",CM.MKT.TRAD.CD,,,,,,,,,,,,,,,,,,,,,,,,,,,,,,,,,,,,,,,,,,,
Romania,ROU,"Stocks traded, total value (current US$)",CM.MKT.TRAD.CD,,,,,,,,,,,,,,,,,,,,,,,238200000,151260000,100990000,56520000,104500000,143000000,220680000,828200000,1421570000,1604660000,2787110000,1225040000,1649630000,1677610000,2930150000,2005700000,1081100000,1617500000,,,
Rwanda,RWA,"Stocks traded, total value (current US$)",CM.MKT.TRAD.CD,,,,,,,,,,,,,,,,,,,,,,,,,,,,,,,,,,,,,,,,,,,
Sudan,SDN,"Stocks traded, total value (current US$)",CM.MKT.TRAD.CD,,,,,,,,,,,,,,,,,,,,,,,,,,,,,,,,,,,,,,,,,,,
Senegal,SEN,"Stocks traded, total value (current US$)",CM.MKT.TRAD.CD,,,,,,,,,,,,,,,,,,,,,,,,,,,,,,,,,,,,,,,,,,,
Solomon Islands,SLB,"Stocks traded, total value (current US$)",CM.MKT.TRAD.CD,,,,,,,,,,,,,,,,,,,,,,,,,,,,,,,,,,,,,,,,,,,
Sierra Leone,SLE,"Stocks traded, total value (current US$)",CM.MKT.TRAD.CD,,,,,,,,,,,,,,,,,,,,,,,,,,,,,,,,,,,,,,,,,,,
El Salvador,SLV,"Stocks traded, total value (current US$)",CM.MKT.TRAD.CD,,,,,,,,,,,,,,,,,,,,,,,,,,,,,,,,,,,,,,,,,,,
San Marino,SMR,"Stocks traded, total value (current US$)",CM.MKT.TRAD.CD,,,,,,,,,,,,,,,,,,,,,,,,,,,,,,,,,,,,,,,,,,,
Somalia,SOM,"Stocks traded, total value (current US$)",CM.MKT.TRAD.CD,,,,,,,,,,,,,,,,,,,,,,,,,,,,,,,,,,,,,,,,,,,
Serbia,SRB,"Stocks traded, total value (current US$)",CM.MKT.TRAD.CD,,,,,,,,,,,,,,,,,,,,,,,48500000,12500000,26700000,22000000,90000000,118100000,561630000,437770000,540130000,1434420000,2722900000,1045980000,548500000,231450000,298550000,240600000,,,,,
Sub-Saharan Africa (excluding high income),SSA,"Stocks traded, total value (current US$)",CM.MKT.TRAD.CD,,,,,,,,,,,,,,,,,,,,13840200000,16344660000,,,,73336770000,,,,,,,,,,,,,,,,,,
South Sudan,SSD,"Stocks traded, total value (current US$)",CM.MKT.TRAD.CD,,,,,,,,,,,,,,,,,,,,,,,,,,,,,,,,,,,,,,,,,,,
Sub-Saharan Africa,SSF,"Stocks traded, total value (current US$)",CM.MKT.TRAD.CD,,,,,,,,,,,,,,,,,,,,13840200000,16344660000,,,,73336770000,,,,,,,,,,,,,,,,,,
Small states,SST,"Stocks traded, total value (current US$)",CM.MKT.TRAD.CD,,,,,,,,,,,,,,,,,,,,,,,,,,,,,,,,,,,,,,,,,,,
Sao Tome and Principe,STP,"Stocks traded, total value (current US$)",CM.MKT.TRAD.CD,,,,,,,,,,,,,,,,,,,,,,,,,,,,,,,,,,,,,,,,,,,
Suriname,SUR,"Stocks traded, total value (current US$)",CM.MKT.TRAD.CD,,,,,,,,,,,,,,,,,,,,,,,,,,,,,,,,,,,,,,,,,,,
Slovak Republic,SVK,"Stocks traded, total value (current US$)",CM.MKT.TRAD.CD,,,,,,,,,,,,,,,,,,,2700000,174700000,834700000,2607100000,2368800000,1012000000,478000000,534000000,953200000,880900000,746500000,750500000,66400000,99500000,31270000,21080000,174680000,308920000,452810000,166640000,109620000,,,,
Sweden,SWE,"Stocks traded, total value (current US$)",CM.MKT.TRAD.CD,109000000,126000000,374000000,424000000,2062300000,1796400000,3669500000,4614200000,9847400000,8470200000,10799760000,16924000000,19588400000,18661700000,18034400000,15665200000,20534700000,28450200000,40607900000,88487090000,99323720000,1.30E+11,1.53E+11,2.00E+11,2.15E+11,3.79E+11,3.00E+11,1.86E+11,1.98E+11,3.10E+11,,,,,,,,,,,,,
Eswatini,SWZ,"Stocks traded, total value (current US$)",CM.MKT.TRAD.CD,,,,,,,,,,,,,,,,,,,,2100000,380000,371760000,357320000,201200000,150000,210000,8500000,180000,50000,40000,30000,60000,3540000,,,,,,,,,,
Sint Maarten (Dutch part),SXM,"Stocks traded, total value (current US$)",CM.MKT.TRAD.CD,,,,,,,,,,,,,,,,,,,,,,,,,,,,,,,,,,,,,,,,,,,
Seychelles,SYC,"Stocks traded, total value (current US$)",CM.MKT.TRAD.CD,,,,,,,,,,,,,,,,,,,,,,,,,,,,,,,,,,,,,,,,157800000,,,
Syrian Arab Republic,SYR,"Stocks traded, total value (current US$)",CM.MKT.TRAD.CD,,,,,,,,,,,,,,,,,,,,,,,,,,,,,,,,,,,,,,,,,,,
Turks and Caicos Islands,TCA,"Stocks traded, total value (current US$)",CM.MKT.TRAD.CD,,,,,,,,,,,,,,,,,,,,,,,,,,,,,,,,,,,,,,,,,,,
Chad,TCD,"Stocks traded, total value (current US$)",CM.MKT.TRAD.CD,,,,,,,,,,,,,,,,,,,,,,,,,,,,,,,,,,,,,,,,,,,
Togo,TGO,"Stocks traded, total value (current US$)",CM.MKT.TRAD.CD,,,,,,,,,,,,,,,,,,,,,,,,,,,,,,,,,,,,,,,,,,,
Tajikistan,TJK,"Stocks traded, total value (current US$)",CM.MKT.TRAD.CD,,,,,,,,,,,,,,,,,,,,,,,,,,,,,,,,,,,,,,,,,,,
Turkmenistan,TKM,"Stocks traded, total value (current US$)",CM.MKT.TRAD.CD,,,,,,,,,,,,,,,,,,,,,,,,,,,,,,,,,,,,,,,,,,,
Timor-Leste,TLS,"Stocks traded, total value (current US$)",CM.MKT.TRAD.CD,,,,,,,,,,,,,,,,,,,,,,,,,,,,,,,,,,,,,,,,,,,
Middle East & North Africa (IDA & IBRD countries),TMN,"Stocks traded, total value (current US$)",CM.MKT.TRAD.CD,,,,,,,,,,,,,,,,,,,,,,,,,,,,,,,,,,,,72611030000,39858930000,40036850000,,,,35434284506,
Tonga,TON,"Stocks traded, total value (current US$)",CM.MKT.TRAD.CD,,,,,,,,,,,,,,,,,,,,,,,,,,,,,,,,,,,,,,,,,,,
Sub-Saharan Africa (IDA & IBRD countries),TSS,"Stocks traded, total value (current US$)",CM.MKT.TRAD.CD,,,,,,,,,,,,,,,,,,,,13840200000,16344660000,,,,73336770000,,,,,,,,,,,,,,,,,,
Trinidad and Tobago,TTO,"Stocks traded, total value (current US$)",CM.MKT.TRAD.CD,,,,,,,,,,,,,,,,,,,,,,,,,,139100000,166100000,,,,,,,,,,,,,,,,
Tunisia,TUN,"Stocks traded, total value (current US$)",CM.MKT.TRAD.CD,,,,,,,,,,,,,,,,,,,,275600000,669620000,201300000,196770000,161870000,,,,,,,,,,,,1835600000,1050650000,1251300000,461900000,887200000,,,
Tuvalu,TUV,"Stocks traded, total value (current US$)",CM.MKT.TRAD.CD,,,,,,,,,,,,,,,,,,,,,,,,,,,,,,,,,,,,,,,,,,,
Tanzania,TZA,"Stocks traded, total value (current US$)",CM.MKT.TRAD.CD,,,,,,,,,,,,,,,,,,,,,,,,,40000,4800000,7130000,,,,,,,,,,,,,,,,
Uganda,UGA,"Stocks traded, total value (current US$)",CM.MKT.TRAD.CD,,,,,,,,,,,,,,,,,,,,,,,,,,,,,,,,,,,,,,,,,,,
Ukraine,UKR,"Stocks traded, total value (current US$)",CM.MKT.TRAD.CD,,,,,,,,,,,,,,,,,,,,,,,,,,,,,,,,,,,,2838700000,1177700000,624900000,329600000,122200000,,,
Uruguay,URY,"Stocks traded, total value (current US$)",CM.MKT.TRAD.CD,,,,,,,,,,,,,,,,,,,,9300000,560000,550000,,260000,130000,,,,,,,,,,,,,,,,,,
Uzbekistan,UZB,"Stocks traded, total value (current US$)",CM.MKT.TRAD.CD,,,,,,,,,,,,,,,,,,,,,,,,,,,,,,,,,,,,,,,,,,,
St. Vincent and the Grenadines,VCT,"Stocks traded, total value (current US$)",CM.MKT.TRAD.CD,,,,,,,,,,,,,,,,,,,,,,,,,,,,,,,,,,,,,,,,,,,
"Venezuela, RB",VEN,"Stocks traded, total value (current US$)",CM.MKT.TRAD.CD,,,,,,,,,,,,,,,,,,,1593600000,947800000,329450000,1266090000,3625470000,1553630000,944210000,2182400000,1147000000,88800000,,,,,,,,,,,,,,,
British Virgin Islands,VGB,"Stocks traded, total value (current US$)",CM.MKT.TRAD.CD,,,,,,,,,,,,,,,,,,,,,,,,,,,,,,,,,,,,,,,,,,,
Virgin Islands (U.S.),VIR,"Stocks traded, total value (current US$)",CM.MKT.TRAD.CD,,,,,,,,,,,,,,,,,,,,,,,,,,,,,,,,,,,,,,,,,,,
Vanuatu,VUT,"Stocks traded, total value (current US$)",CM.MKT.TRAD.CD,,,,,,,,,,,,,,,,,,,,,,,,,,,,,,,,,,,,,,,,,,,
Samoa,WSM,"Stocks traded, total value (current US$)",CM.MKT.TRAD.CD,,,,,,,,,,,,,,,,,,,,,,,,,,,,,,,,,,,,,,,,,,,
Kosovo,XKX,"Stocks traded, total value (current US$)",CM.MKT.TRAD.CD,,,,,,,,,,,,,,,,,,,,,,,,,,,,,,,,,,,,,,,,,,,
"Yemen, Rep.",YEM,"Stocks traded, total value (current US$)",CM.MKT.TRAD.CD,,,,,,,,,,,,,,,,,,,,,,,,,,,,,,,,,,,,,,,,,,,
Zambia,ZMB,"Stocks traded, total value (current US$)",CM.MKT.TRAD.CD,,,,,,,,,,,,,,,,,,,,400000,220000,2660000,8000000,1310000,5690000,1000000,5000000,5000000,6520000,2190000,11100000,12040000,,,,20030000,20500000,18200000,,,,,
Zimbabwe,ZWE,"Stocks traded, total value (current US$)",CM.MKT.TRAD.CD,,,,,,,,,,,,,,,,,,,50200000,172900000,139440000,234130000,312850000,80260000,201160000,,,,,,,,,,,,,,,,,,